Rare Genus,Kingdom,Phylum,Class,Order,Family,Genus
Candidatus Nitrososphaera,Archaea,Crenarchaeota,Thaumarchaeota,Nitrososphaerales,Nitrososphaeraceae,Candidatus Nitrososphaera
Methanobacterium,Archaea,Euryarchaeota,Methanobacteria,Methanobacteriales,Methanobacteriaceae,Methanobacterium
Methanobrevibacter,Archaea,Euryarchaeota,Methanobacteria,Methanobacteriales,Methanobacteriaceae,Methanobrevibacter
Methanosphaera,Archaea,Euryarchaeota,Methanobacteria,Methanobacteriales,Methanobacteriaceae,Methanosphaera
Methanocorpusculum,Archaea,Euryarchaeota,Methanomicrobia,Methanomicrobiales,Methanocorpusculaceae,Methanocorpusculum
Methanosaeta,Archaea,Euryarchaeota,Methanomicrobia,Methanosarcinales,Methanosaetaceae,Methanosaeta
Methanosarcina,Archaea,Euryarchaeota,Methanomicrobia,Methanosarcinales,Methanosarcinaceae,Methanosarcina
vadinCA11,Archaea,Euryarchaeota,Thermoplasmata,E2,[Methanomassiliicoccaceae],vadinCA11
Deinococcus,Bacteria,[Thermi],Deinococci,Deinococcales,Deinococcaceae,Deinococcus
Edaphobacter,Bacteria,Acidobacteria,Acidobacteriia,Acidobacteriales,Acidobacteriaceae,Edaphobacter
Granulicella,Bacteria,Acidobacteria,Acidobacteriia,Acidobacteriales,Acidobacteriaceae,Granulicella
Terriglobus,Bacteria,Acidobacteria,Acidobacteriia,Acidobacteriales,Acidobacteriaceae,Terriglobus
Planktophila,Bacteria,Actinobacteria,Actinobacteria,Actinomycetales,ACK-M1,Planktophila
Actinomyces,Bacteria,Actinobacteria,Actinobacteria,Actinomycetales,Actinomycetaceae,Actinomyces
Brevibacterium,Bacteria,Actinobacteria,Actinobacteria,Actinomycetales,Brevibacteriaceae,Brevibacterium
Actinotalea,Bacteria,Actinobacteria,Actinobacteria,Actinomycetales,Cellulomonadaceae,Actinotalea
Corynebacterium,Bacteria,Actinobacteria,Actinobacteria,Actinomycetales,Corynebacteriaceae,Corynebacterium
Brachybacterium,Bacteria,Actinobacteria,Actinobacteria,Actinomycetales,Dermabacteraceae,Brachybacterium
Dermacoccus,Bacteria,Actinobacteria,Actinobacteria,Actinomycetales,Dermacoccaceae,Dermacoccus
Dietzia,Bacteria,Actinobacteria,Actinobacteria,Actinomycetales,Dietziaceae,Dietzia
Gordonia,Bacteria,Actinobacteria,Actinobacteria,Actinomycetales,Gordoniaceae,Gordonia
Kineosporia,Bacteria,Actinobacteria,Actinobacteria,Actinomycetales,Kineosporiaceae,Kineosporia
Agromyces,Bacteria,Actinobacteria,Actinobacteria,Actinomycetales,Microbacteriaceae,Agromyces
Candidatus Aquiluna,Bacteria,Actinobacteria,Actinobacteria,Actinomycetales,Microbacteriaceae,Candidatus Aquiluna
Candidatus Rhodoluna,Bacteria,Actinobacteria,Actinobacteria,Actinomycetales,Microbacteriaceae,Candidatus Rhodoluna
Clavibacter,Bacteria,Actinobacteria,Actinobacteria,Actinomycetales,Microbacteriaceae,Clavibacter
Cryocola,Bacteria,Actinobacteria,Actinobacteria,Actinomycetales,Microbacteriaceae,Cryocola
Leucobacter,Bacteria,Actinobacteria,Actinobacteria,Actinomycetales,Microbacteriaceae,Leucobacter
Arthrobacter,Bacteria,Actinobacteria,Actinobacteria,Actinomycetales,Micrococcaceae,Arthrobacter
Kocuria,Bacteria,Actinobacteria,Actinobacteria,Actinomycetales,Micrococcaceae,Kocuria
Rothia,Bacteria,Actinobacteria,Actinobacteria,Actinomycetales,Micrococcaceae,Rothia
Mycobacterium,Bacteria,Actinobacteria,Actinobacteria,Actinomycetales,Mycobacteriaceae,Mycobacterium
Rhodococcus,Bacteria,Actinobacteria,Actinobacteria,Actinomycetales,Nocardiaceae,Rhodococcus
Aeromicrobium,Bacteria,Actinobacteria,Actinobacteria,Actinomycetales,Nocardioidaceae,Aeromicrobium
Friedmanniella,Bacteria,Actinobacteria,Actinobacteria,Actinomycetales,Nocardioidaceae,Friedmanniella
Kribbella,Bacteria,Actinobacteria,Actinobacteria,Actinomycetales,Nocardioidaceae,Kribbella
Nocardioides,Bacteria,Actinobacteria,Actinobacteria,Actinomycetales,Nocardioidaceae,Nocardioides
Cellulosimicrobium,Bacteria,Actinobacteria,Actinobacteria,Actinomycetales,Promicromonosporaceae,Cellulosimicrobium
Propionibacterium,Bacteria,Actinobacteria,Actinobacteria,Actinomycetales,Propionibacteriaceae,Propionibacterium
Actinomycetospora,Bacteria,Actinobacteria,Actinobacteria,Actinomycetales,Pseudonocardiaceae,Actinomycetospora
Amycolatopsis,Bacteria,Actinobacteria,Actinobacteria,Actinomycetales,Pseudonocardiaceae,Amycolatopsis
Pseudonocardia,Bacteria,Actinobacteria,Actinobacteria,Actinomycetales,Pseudonocardiaceae,Pseudonocardia
Streptomyces,Bacteria,Actinobacteria,Actinobacteria,Actinomycetales,Streptomycetaceae,Streptomyces
Actinomadura,Bacteria,Actinobacteria,Actinobacteria,Actinomycetales,Thermomonosporaceae,Actinomadura
Williamsia,Bacteria,Actinobacteria,Actinobacteria,Actinomycetales,Williamsiaceae,Williamsia
Adlercreutzia,Bacteria,Actinobacteria,Coriobacteriia,Coriobacteriales,Coriobacteriaceae,Adlercreutzia
Collinsella,Bacteria,Actinobacteria,Coriobacteriia,Coriobacteriales,Coriobacteriaceae,Collinsella
Bacteria_Actinobacteria_Coriobacteriia_Coriobacteriales_Coriobacteriaceae_Enterococcus,Bacteria,Actinobacteria,Coriobacteriia,Coriobacteriales,Coriobacteriaceae,Enterococcus
Rubrobacter,Bacteria,Actinobacteria,Rubrobacteria,Rubrobacterales,Rubrobacteraceae,Rubrobacter
Gaiella,Bacteria,Actinobacteria,Thermoleophilia,Gaiellales,Gaiellaceae,Gaiella
CL0-1,Bacteria,Armatimonadetes,Armatimonadia,Armatimonadales,Armatimonadaceae,CL0-1
Sediminibacterium,Bacteria,Bacteroidetes,[Saprospirae],[Saprospirales],Chitinophagaceae,Sediminibacterium
Aquirestis,Bacteria,Bacteroidetes,[Saprospirae],[Saprospirales],Saprospiraceae,Aquirestis
[Prevotella],Bacteria,Bacteroidetes,Bacteroidia,Bacteroidales,[Paraprevotellaceae],[Prevotella]
CF231,Bacteria,Bacteroidetes,Bacteroidia,Bacteroidales,[Paraprevotellaceae],CF231
YRC22,Bacteria,Bacteroidetes,Bacteroidia,Bacteroidales,[Paraprevotellaceae],YRC22
5-7N15,Bacteria,Bacteroidetes,Bacteroidia,Bacteroidales,Bacteroidaceae,5-7N15
Bacteroides,Bacteria,Bacteroidetes,Bacteroidia,Bacteroidales,Bacteroidaceae,Bacteroides
Dysgonomonas,Bacteria,Bacteroidetes,Bacteroidia,Bacteroidales,Porphyromonadaceae,Dysgonomonas
Paludibacter,Bacteria,Bacteroidetes,Bacteroidia,Bacteroidales,Porphyromonadaceae,Paludibacter
Prevotella,Bacteria,Bacteroidetes,Bacteroidia,Bacteroidales,Prevotellaceae,Prevotella
Candidatus Cardinium,Bacteria,Bacteroidetes,Cytophagia,Cytophagales,[Amoebophilaceae],Candidatus Cardinium
Flectobacillus,Bacteria,Bacteroidetes,Cytophagia,Cytophagales,Cytophagaceae,Flectobacillus
Hymenobacter,Bacteria,Bacteroidetes,Cytophagia,Cytophagales,Cytophagaceae,Hymenobacter
Spirosoma,Bacteria,Bacteroidetes,Cytophagia,Cytophagales,Cytophagaceae,Spirosoma
Chryseobacterium,Bacteria,Bacteroidetes,Flavobacteriia,Flavobacteriales,[Weeksellaceae],Chryseobacterium
Cloacibacterium,Bacteria,Bacteroidetes,Flavobacteriia,Flavobacteriales,[Weeksellaceae],Cloacibacterium
Wautersiella,Bacteria,Bacteroidetes,Flavobacteriia,Flavobacteriales,[Weeksellaceae],Wautersiella
Fluviicola,Bacteria,Bacteroidetes,Flavobacteriia,Flavobacteriales,Cryomorphaceae,Fluviicola
Flavobacterium,Bacteria,Bacteroidetes,Flavobacteriia,Flavobacteriales,Flavobacteriaceae,Flavobacterium
Myroides,Bacteria,Bacteroidetes,Flavobacteriia,Flavobacteriales,Flavobacteriaceae,Myroides
Mucilaginibacter,Bacteria,Bacteroidetes,Sphingobacteriia,Sphingobacteriales,Sphingobacteriaceae,Mucilaginibacter
Pedobacter,Bacteria,Bacteroidetes,Sphingobacteriia,Sphingobacteriales,Sphingobacteriaceae,Pedobacter
Sphingobacterium,Bacteria,Bacteroidetes,Sphingobacteriia,Sphingobacteriales,Sphingobacteriaceae,Sphingobacterium
SHD-231,Bacteria,Chloroflexi,Anaerolineae,Anaerolineales,Anaerolinaceae,SHD-231
T78,Bacteria,Chloroflexi,Anaerolineae,Anaerolineales,Anaerolinaceae,T78
Dolichospermum,Bacteria,Cyanobacteria,Nostocophycideae,Nostocales,Nostocaceae,Dolichospermum
Woronichinia,Bacteria,Cyanobacteria,Oscillatoriophycideae,Chroococcales,Gomphosphaeriaceae,Woronichinia
Pseudanabaena,Bacteria,Cyanobacteria,Synechococcophycideae,Pseudanabaenales,Pseudanabaenaceae,Pseudanabaena
Synechococcus,Bacteria,Cyanobacteria,Synechococcophycideae,Synechococcales,Synechococcaceae,Synechococcus
Exiguobacterium,Bacteria,Firmicutes,Bacilli,Bacillales,[Exiguobacteraceae],Exiguobacterium
Bacillus,Bacteria,Firmicutes,Bacilli,Bacillales,Bacillaceae,Bacillus
Bacteria_Firmicutes_Bacilli_Bacillales_Bacillaceae_Paenibacillus,Bacteria,Firmicutes,Bacilli,Bacillales,Bacillaceae,Paenibacillus
Bacteria_Firmicutes_Bacilli_Bacillales_Paenibacillaceae_Paenibacillus,Bacteria,Firmicutes,Bacilli,Bacillales,Paenibacillaceae,Paenibacillus
Staphylococcus,Bacteria,Firmicutes,Bacilli,Bacillales,Staphylococcaceae,Staphylococcus
Thermoactinomyces,Bacteria,Firmicutes,Bacilli,Bacillales,Thermoactinomycetaceae,Thermoactinomyces
Abiotrophia,Bacteria,Firmicutes,Bacilli,Lactobacillales,Aerococcaceae,Abiotrophia
Alloiococcus,Bacteria,Firmicutes,Bacilli,Lactobacillales,Aerococcaceae,Alloiococcus
Atopostipes,Bacteria,Firmicutes,Bacilli,Lactobacillales,Aerococcaceae,Atopostipes
Bacteria_Firmicutes_Bacilli_Lactobacillales_Enterococcaceae_Enterococcus,Bacteria,Firmicutes,Bacilli,Lactobacillales,Enterococcaceae,Enterococcus
Pediococcus,Bacteria,Firmicutes,Bacilli,Lactobacillales,Lactobacillaceae,Pediococcus
Leuconostoc,Bacteria,Firmicutes,Bacilli,Lactobacillales,Leuconostocaceae,Leuconostoc
Weissella,Bacteria,Firmicutes,Bacilli,Lactobacillales,Leuconostocaceae,Weissella
Lactococcus,Bacteria,Firmicutes,Bacilli,Lactobacillales,Streptococcaceae,Lactococcus
Streptococcus,Bacteria,Firmicutes,Bacilli,Lactobacillales,Streptococcaceae,Streptococcus
Turicibacter,Bacteria,Firmicutes,Bacilli,Turicibacterales,Turicibacteraceae,Turicibacter
Mogibacterium,Bacteria,Firmicutes,Clostridia,Clostridiales,[Mogibacteriaceae],Mogibacterium
Anaerococcus,Bacteria,Firmicutes,Clostridia,Clostridiales,[Tissierellaceae],Anaerococcus
Finegoldia,Bacteria,Firmicutes,Clostridia,Clostridiales,[Tissierellaceae],Finegoldia
Gallicola,Bacteria,Firmicutes,Clostridia,Clostridiales,[Tissierellaceae],Gallicola
GW-34,Bacteria,Firmicutes,Clostridia,Clostridiales,[Tissierellaceae],GW-34
Peptoniphilus,Bacteria,Firmicutes,Clostridia,Clostridiales,[Tissierellaceae],Peptoniphilus
Christensenella,Bacteria,Firmicutes,Clostridia,Clostridiales,Christensenellaceae,Christensenella
Bacteria_Firmicutes_Clostridia_Clostridiales_Clostridiaceae_Clostridium,Bacteria,Firmicutes,Clostridia,Clostridiales,Clostridiaceae,Clostridium
Oxobacter,Bacteria,Firmicutes,Clostridia,Clostridiales,Clostridiaceae,Oxobacter
SMB53,Bacteria,Firmicutes,Clostridia,Clostridiales,Clostridiaceae,SMB53
Acetobacterium,Bacteria,Firmicutes,Clostridia,Clostridiales,Eubacteriaceae,Acetobacterium
Anaerofustis,Bacteria,Firmicutes,Clostridia,Clostridiales,Eubacteriaceae,Anaerofustis
[Ruminococcus],Bacteria,Firmicutes,Clostridia,Clostridiales,Lachnospiraceae,[Ruminococcus]
Blautia,Bacteria,Firmicutes,Clostridia,Clostridiales,Lachnospiraceae,Blautia
Butyrivibrio,Bacteria,Firmicutes,Clostridia,Clostridiales,Lachnospiraceae,Butyrivibrio
Bacteria_Firmicutes_Clostridia_Clostridiales_Lachnospiraceae_Clostridium,Bacteria,Firmicutes,Clostridia,Clostridiales,Lachnospiraceae,Clostridium
Coprococcus,Bacteria,Firmicutes,Clostridia,Clostridiales,Lachnospiraceae,Coprococcus
Dorea,Bacteria,Firmicutes,Clostridia,Clostridiales,Lachnospiraceae,Dorea
Lachnospira,Bacteria,Firmicutes,Clostridia,Clostridiales,Lachnospiraceae,Lachnospira
Pseudobutyrivibrio,Bacteria,Firmicutes,Clostridia,Clostridiales,Lachnospiraceae,Pseudobutyrivibrio
Roseburia,Bacteria,Firmicutes,Clostridia,Clostridiales,Lachnospiraceae,Roseburia
Shuttleworthia,Bacteria,Firmicutes,Clostridia,Clostridiales,Lachnospiraceae,Shuttleworthia
rc4-4,Bacteria,Firmicutes,Clostridia,Clostridiales,Peptococcaceae,rc4-4
[Clostridium],Bacteria,Firmicutes,Clostridia,Clostridiales,Peptostreptococcaceae,[Clostridium]
Bacteria_Firmicutes_Clostridia_Clostridiales_Ruminococcaceae_Clostridium,Bacteria,Firmicutes,Clostridia,Clostridiales,Ruminococcaceae,Clostridium
Oscillospira,Bacteria,Firmicutes,Clostridia,Clostridiales,Ruminococcaceae,Oscillospira
Ruminococcus,Bacteria,Firmicutes,Clostridia,Clostridiales,Ruminococcaceae,Ruminococcus
Acidaminococcus,Bacteria,Firmicutes,Clostridia,Clostridiales,Veillonellaceae,Acidaminococcus
Megamonas,Bacteria,Firmicutes,Clostridia,Clostridiales,Veillonellaceae,Megamonas
Phascolarctobacterium,Bacteria,Firmicutes,Clostridia,Clostridiales,Veillonellaceae,Phascolarctobacterium
Succiniclasticum,Bacteria,Firmicutes,Clostridia,Clostridiales,Veillonellaceae,Succiniclasticum
vadinHB04,Bacteria,Firmicutes,Clostridia,Clostridiales,Veillonellaceae,vadinHB04
Veillonella,Bacteria,Firmicutes,Clostridia,Clostridiales,Veillonellaceae,Veillonella
Thermacetogenium,Bacteria,Firmicutes,Clostridia,Thermoanaerobacterales,Thermoanaerobacteraceae,Thermacetogenium
Bacteria_Firmicutes_Erysipelotrichi_Erysipelotrichales_Erysipelotrichaceae_Clostridium,Bacteria,Firmicutes,Erysipelotrichi,Erysipelotrichales,Erysipelotrichaceae,Clostridium
Coprobacillus,Bacteria,Firmicutes,Erysipelotrichi,Erysipelotrichales,Erysipelotrichaceae,Coprobacillus
Nitrospira,Bacteria,Nitrospirae,Nitrospira,Nitrospirales,Nitrospiraceae,Nitrospira
Nostocoida,Bacteria,Planctomycetes,Planctomycetia,Gemmatales,Isosphaeraceae,Nostocoida
A17,Bacteria,Planctomycetes,Planctomycetia,Pirellulales,Pirellulaceae,A17
Pirellula,Bacteria,Planctomycetes,Planctomycetia,Pirellulales,Pirellulaceae,Pirellula
Planctomyces,Bacteria,Planctomycetes,Planctomycetia,Planctomycetales,Planctomycetaceae,Planctomyces
Brevundimonas,Bacteria,Proteobacteria,Alphaproteobacteria,Caulobacterales,Caulobacteraceae,Brevundimonas
Caulobacter,Bacteria,Proteobacteria,Alphaproteobacteria,Caulobacterales,Caulobacteraceae,Caulobacter
Aurantimonas,Bacteria,Proteobacteria,Alphaproteobacteria,Rhizobiales,Aurantimonadaceae,Aurantimonas
Camelimonas,Bacteria,Proteobacteria,Alphaproteobacteria,Rhizobiales,Beijerinckiaceae,Camelimonas
Ochrobactrum,Bacteria,Proteobacteria,Alphaproteobacteria,Rhizobiales,Brucellaceae,Ochrobactrum
Devosia,Bacteria,Proteobacteria,Alphaproteobacteria,Rhizobiales,Hyphomicrobiaceae,Devosia
Hyphomicrobium,Bacteria,Proteobacteria,Alphaproteobacteria,Rhizobiales,Hyphomicrobiaceae,Hyphomicrobium
Pedomicrobium,Bacteria,Proteobacteria,Alphaproteobacteria,Rhizobiales,Hyphomicrobiaceae,Pedomicrobium
Rhodoplanes,Bacteria,Proteobacteria,Alphaproteobacteria,Rhizobiales,Hyphomicrobiaceae,Rhodoplanes
Methylobacterium,Bacteria,Proteobacteria,Alphaproteobacteria,Rhizobiales,Methylobacteriaceae,Methylobacterium
Methylosinus,Bacteria,Proteobacteria,Alphaproteobacteria,Rhizobiales,Methylocystaceae,Methylosinus
Aminobacter,Bacteria,Proteobacteria,Alphaproteobacteria,Rhizobiales,Phyllobacteriaceae,Aminobacter
Agrobacterium,Bacteria,Proteobacteria,Alphaproteobacteria,Rhizobiales,Rhizobiaceae,Agrobacterium
Kaistia,Bacteria,Proteobacteria,Alphaproteobacteria,Rhizobiales,Rhizobiaceae,Kaistia
Shinella,Bacteria,Proteobacteria,Alphaproteobacteria,Rhizobiales,Rhizobiaceae,Shinella
Ancylobacter,Bacteria,Proteobacteria,Alphaproteobacteria,Rhizobiales,Xanthobacteraceae,Ancylobacter
Blastochloris,Bacteria,Proteobacteria,Alphaproteobacteria,Rhizobiales,Xanthobacteraceae,Blastochloris
Xanthobacter,Bacteria,Proteobacteria,Alphaproteobacteria,Rhizobiales,Xanthobacteraceae,Xanthobacter
Amaricoccus,Bacteria,Proteobacteria,Alphaproteobacteria,Rhodobacterales,Rhodobacteraceae,Amaricoccus
Rhodobacter,Bacteria,Proteobacteria,Alphaproteobacteria,Rhodobacterales,Rhodobacteraceae,Rhodobacter
Acetobacter,Bacteria,Proteobacteria,Alphaproteobacteria,Rhodospirillales,Acetobacteraceae,Acetobacter
Acidisoma,Bacteria,Proteobacteria,Alphaproteobacteria,Rhodospirillales,Acetobacteraceae,Acidisoma
Commensalibacter,Bacteria,Proteobacteria,Alphaproteobacteria,Rhodospirillales,Acetobacteraceae,Commensalibacter
Gluconacetobacter,Bacteria,Proteobacteria,Alphaproteobacteria,Rhodospirillales,Acetobacteraceae,Gluconacetobacter
Gluconobacter,Bacteria,Proteobacteria,Alphaproteobacteria,Rhodospirillales,Acetobacteraceae,Gluconobacter
Rhodovastum,Bacteria,Proteobacteria,Alphaproteobacteria,Rhodospirillales,Acetobacteraceae,Rhodovastum
Roseococcus,Bacteria,Proteobacteria,Alphaproteobacteria,Rhodospirillales,Acetobacteraceae,Roseococcus
Roseomonas,Bacteria,Proteobacteria,Alphaproteobacteria,Rhodospirillales,Acetobacteraceae,Roseomonas
Swaminathania,Bacteria,Proteobacteria,Alphaproteobacteria,Rhodospirillales,Acetobacteraceae,Swaminathania
Tanticharoenia,Bacteria,Proteobacteria,Alphaproteobacteria,Rhodospirillales,Acetobacteraceae,Tanticharoenia
Azospirillum,Bacteria,Proteobacteria,Alphaproteobacteria,Rhodospirillales,Rhodospirillaceae,Azospirillum
Reyranella,Bacteria,Proteobacteria,Alphaproteobacteria,Rhodospirillales,Rhodospirillaceae,Reyranella
Skermanella,Bacteria,Proteobacteria,Alphaproteobacteria,Rhodospirillales,Rhodospirillaceae,Skermanella
Cucurbita,Bacteria,Proteobacteria,Alphaproteobacteria,Rickettsiales,mitochondria,Cucurbita
Plantago,Bacteria,Proteobacteria,Alphaproteobacteria,Rickettsiales,mitochondria,Plantago
Raphanus,Bacteria,Proteobacteria,Alphaproteobacteria,Rickettsiales,mitochondria,Raphanus
Rickettsia,Bacteria,Proteobacteria,Alphaproteobacteria,Rickettsiales,Rickettsiaceae,Rickettsia
Erythromicrobium,Bacteria,Proteobacteria,Alphaproteobacteria,Sphingomonadales,Erythrobacteraceae,Erythromicrobium
Blastomonas,Bacteria,Proteobacteria,Alphaproteobacteria,Sphingomonadales,Sphingomonadaceae,Blastomonas
Novosphingobium,Bacteria,Proteobacteria,Alphaproteobacteria,Sphingomonadales,Sphingomonadaceae,Novosphingobium
Sphingomonas,Bacteria,Proteobacteria,Alphaproteobacteria,Sphingomonadales,Sphingomonadaceae,Sphingomonas
Sphingopyxis,Bacteria,Proteobacteria,Alphaproteobacteria,Sphingomonadales,Sphingomonadaceae,Sphingopyxis
Achromobacter,Bacteria,Proteobacteria,Betaproteobacteria,Burkholderiales,Alcaligenaceae,Achromobacter
Oligella,Bacteria,Proteobacteria,Betaproteobacteria,Burkholderiales,Alcaligenaceae,Oligella
Sutterella,Bacteria,Proteobacteria,Betaproteobacteria,Burkholderiales,Alcaligenaceae,Sutterella
Burkholderia,Bacteria,Proteobacteria,Betaproteobacteria,Burkholderiales,Burkholderiaceae,Burkholderia
Acidovorax,Bacteria,Proteobacteria,Betaproteobacteria,Burkholderiales,Comamonadaceae,Acidovorax
Delftia,Bacteria,Proteobacteria,Betaproteobacteria,Burkholderiales,Comamonadaceae,Delftia
Pelomonas,Bacteria,Proteobacteria,Betaproteobacteria,Burkholderiales,Comamonadaceae,Pelomonas
Rhodoferax,Bacteria,Proteobacteria,Betaproteobacteria,Burkholderiales,Comamonadaceae,Rhodoferax
Herbaspirillum,Bacteria,Proteobacteria,Betaproteobacteria,Burkholderiales,Oxalobacteraceae,Herbaspirillum
Janthinobacterium,Bacteria,Proteobacteria,Betaproteobacteria,Burkholderiales,Oxalobacteraceae,Janthinobacterium
Massilia,Bacteria,Proteobacteria,Betaproteobacteria,Burkholderiales,Oxalobacteraceae,Massilia
Polynucleobacter,Bacteria,Proteobacteria,Betaproteobacteria,Burkholderiales,Oxalobacteraceae,Polynucleobacter
Ralstonia,Bacteria,Proteobacteria,Betaproteobacteria,Burkholderiales,Oxalobacteraceae,Ralstonia
Thiobacillus,Bacteria,Proteobacteria,Betaproteobacteria,Hydrogenophilales,Hydrogenophilaceae,Thiobacillus
Deefgea,Bacteria,Proteobacteria,Betaproteobacteria,Neisseriales,Neisseriaceae,Deefgea
C39,Bacteria,Proteobacteria,Betaproteobacteria,Rhodocyclales,Rhodocyclaceae,C39
Peredibacter,Bacteria,Proteobacteria,Deltaproteobacteria,Bdellovibrionales,Bacteriovoracaceae,Peredibacter
Bdellovibrio,Bacteria,Proteobacteria,Deltaproteobacteria,Bdellovibrionales,Bdellovibrionaceae,Bdellovibrio
Desulfococcus,Bacteria,Proteobacteria,Deltaproteobacteria,Desulfobacterales,Desulfobacteraceae,Desulfococcus
Desulfobulbus,Bacteria,Proteobacteria,Deltaproteobacteria,Desulfobacterales,Desulfobulbaceae,Desulfobulbus
Desulfovibrio,Bacteria,Proteobacteria,Deltaproteobacteria,Desulfovibrionales,Desulfovibrionaceae,Desulfovibrio
Geobacter,Bacteria,Proteobacteria,Deltaproteobacteria,Desulfuromonadales,Geobacteraceae,Geobacter
Pelobacter,Bacteria,Proteobacteria,Deltaproteobacteria,Desulfuromonadales,Pelobacteraceae,Pelobacter
Arcobacter,Bacteria,Proteobacteria,Epsilonproteobacteria,Campylobacterales,Campylobacteraceae,Arcobacter
Aeromonas,Bacteria,Proteobacteria,Gammaproteobacteria,Aeromonadales,Aeromonadaceae,Aeromonas
Succinivibrio,Bacteria,Proteobacteria,Gammaproteobacteria,Aeromonadales,Succinivibrionaceae,Succinivibrio
Shewanella,Bacteria,Proteobacteria,Gammaproteobacteria,Alteromonadales,Shewanellaceae,Shewanella
Thiofaba,Bacteria,Proteobacteria,Gammaproteobacteria,Chromatiales,Halothiobacillaceae,Thiofaba
Brenneria,Bacteria,Proteobacteria,Gammaproteobacteria,Enterobacteriales,Enterobacteriaceae,Brenneria
Enterobacter,Bacteria,Proteobacteria,Gammaproteobacteria,Enterobacteriales,Enterobacteriaceae,Enterobacter
Erwinia,Bacteria,Proteobacteria,Gammaproteobacteria,Enterobacteriales,Enterobacteriaceae,Erwinia
Ewingella,Bacteria,Proteobacteria,Gammaproteobacteria,Enterobacteriales,Enterobacteriaceae,Ewingella
Kluyvera,Bacteria,Proteobacteria,Gammaproteobacteria,Enterobacteriales,Enterobacteriaceae,Kluyvera
Moellerella,Bacteria,Proteobacteria,Gammaproteobacteria,Enterobacteriales,Enterobacteriaceae,Moellerella
Morganella,Bacteria,Proteobacteria,Gammaproteobacteria,Enterobacteriales,Enterobacteriaceae,Morganella
Proteus,Bacteria,Proteobacteria,Gammaproteobacteria,Enterobacteriales,Enterobacteriaceae,Proteus
Providencia,Bacteria,Proteobacteria,Gammaproteobacteria,Enterobacteriales,Enterobacteriaceae,Providencia
Serratia,Bacteria,Proteobacteria,Gammaproteobacteria,Enterobacteriales,Enterobacteriaceae,Serratia
Shigella,Bacteria,Proteobacteria,Gammaproteobacteria,Enterobacteriales,Enterobacteriaceae,Shigella
Sodalis,Bacteria,Proteobacteria,Gammaproteobacteria,Enterobacteriales,Enterobacteriaceae,Sodalis
Yersinia,Bacteria,Proteobacteria,Gammaproteobacteria,Enterobacteriales,Enterobacteriaceae,Yersinia
Aquicella,Bacteria,Proteobacteria,Gammaproteobacteria,Legionellales,Coxiellaceae,Aquicella
Coxiella,Bacteria,Proteobacteria,Gammaproteobacteria,Legionellales,Coxiellaceae,Coxiella
Rickettsiella,Bacteria,Proteobacteria,Gammaproteobacteria,Legionellales,Coxiellaceae,Rickettsiella
Legionella,Bacteria,Proteobacteria,Gammaproteobacteria,Legionellales,Legionellaceae,Legionella
Tatlockia,Bacteria,Proteobacteria,Gammaproteobacteria,Legionellales,Legionellaceae,Tatlockia
Methylocaldum,Bacteria,Proteobacteria,Gammaproteobacteria,Methylococcales,Methylococcaceae,Methylocaldum
Alcanivorax,Bacteria,Proteobacteria,Gammaproteobacteria,Oceanospirillales,Alcanivoracaceae,Alcanivorax
Halomonas,Bacteria,Proteobacteria,Gammaproteobacteria,Oceanospirillales,Halomonadaceae,Halomonas
Haemophilus,Bacteria,Proteobacteria,Gammaproteobacteria,Pasteurellales,Pasteurellaceae,Haemophilus
Acinetobacter,Bacteria,Proteobacteria,Gammaproteobacteria,Pseudomonadales,Moraxellaceae,Acinetobacter
Enhydrobacter,Bacteria,Proteobacteria,Gammaproteobacteria,Pseudomonadales,Moraxellaceae,Enhydrobacter
Pseudomonas,Bacteria,Proteobacteria,Gammaproteobacteria,Pseudomonadales,Pseudomonadaceae,Pseudomonas
Nevskia,Bacteria,Proteobacteria,Gammaproteobacteria,Xanthomonadales,Sinobacteraceae,Nevskia
Steroidobacter,Bacteria,Proteobacteria,Gammaproteobacteria,Xanthomonadales,Sinobacteraceae,Steroidobacter
Arenimonas,Bacteria,Proteobacteria,Gammaproteobacteria,Xanthomonadales,Xanthomonadaceae,Arenimonas
Luteibacter,Bacteria,Proteobacteria,Gammaproteobacteria,Xanthomonadales,Xanthomonadaceae,Luteibacter
Pseudoxanthomonas,Bacteria,Proteobacteria,Gammaproteobacteria,Xanthomonadales,Xanthomonadaceae,Pseudoxanthomonas
Stenotrophomonas,Bacteria,Proteobacteria,Gammaproteobacteria,Xanthomonadales,Xanthomonadaceae,Stenotrophomonas
Xanthomonas,Bacteria,Proteobacteria,Gammaproteobacteria,Xanthomonadales,Xanthomonadaceae,Xanthomonas
Treponema,Bacteria,Spirochaetes,Spirochaetes,Spirochaetales,Spirochaetaceae,Treponema
Aminobacterium,Bacteria,Synergistetes,Synergistia,Synergistales,Dethiosulfovibrionaceae,Aminobacterium
HA73,Bacteria,Synergistetes,Synergistia,Synergistales,Dethiosulfovibrionaceae,HA73
vadinCA02,Bacteria,Synergistetes,Synergistia,Synergistales,Synergistaceae,vadinCA02
Mesoplasma,Bacteria,Tenericutes,Mollicutes,Entomoplasmatales,Entomoplasmataceae,Mesoplasma
Candidatus Xiphinematobacter,Bacteria,Verrucomicrobia,[Spartobacteria],[Chthoniobacterales],[Chthoniobacteraceae],Candidatus Xiphinematobacter
DA101,Bacteria,Verrucomicrobia,[Spartobacteria],[Chthoniobacterales],[Chthoniobacteraceae],DA101
Ellin506,Bacteria,Verrucomicrobia,[Spartobacteria],[Chthoniobacterales],[Chthoniobacteraceae],Ellin506
Opitutus,Bacteria,Verrucomicrobia,Opitutae,Opitutales,Opitutaceae,Opitutus
Akkermansia,Bacteria,Verrucomicrobia,Verrucomicrobiae,Verrucomicrobiales,Verrucomicrobiaceae,Akkermansia
Luteolibacter,Bacteria,Verrucomicrobia,Verrucomicrobiae,Verrucomicrobiales,Verrucomicrobiaceae,Luteolibacter
Prosthecobacter,Bacteria,Verrucomicrobia,Verrucomicrobiae,Verrucomicrobiales,Verrucomicrobiaceae,Prosthecobacter
